n,generation,specimen,fitness
1,0,0,705.712407754355
2,0,1,585.0768445452661
3,0,2,744.4258921343774
4,0,3,574.7947307694733
5,0,4,845.0142597317096
6,0,5,761.233248323645
7,1,0,744.5517982654359
8,1,1,664.9550925114243
9,1,2,604.1660395932422
10,1,3,569.2345054924057
11,1,4,720.611176107585
12,1,5,600.9596073191989
1
