n,generation,specimen,fitness
1,0,0,727.7056340828719
2,0,1,790.1207871267565
3,0,2,681.2037658024688
4,0,3,630.7300702488133
5,0,4,571.6189675280912
6,0,5,617.5465727094877
7,1,0,624.317245038015
8,1,1,724.0669882296761
9,1,2,502.75598880632174
10,1,3,664.9362015155351
11,1,4,804.0090577302672
12,1,5,551.4456488620962
