iteration,fitness,alpha0,alpha1,alpha2,beta0,beta1,beta2,evaporation_rate0,evaporation_rate1,evaporation_rate2
1,299.1879472380741,1.9172,1.3324741248,0.27977692600000004,11.8984,4.00576752,0.7341931934000001,0.999,0.7902944428019999,0.281267278136
2,268.1868824284211,1.820207164864,1.1665585351185919,0.27958550400000004,11.715164640000001,4.150074194760959,0.839495209738576,0.8536640118281972,0.7391156445309881,0.24563611400832