iteration,fitness,ialpha,ibeta,ievapor,falpha,fbeta,fevapor
1,624.317245038015,1.7325347262,8.034600000000001,0.9218737556040001,1.5578461439999998,0.01,0.5
2,723.7531067812719,0.88504247354508,6.2928,0.85,1.4827567395168002,0.01,0.5
751409256591,1.2649214558433601,0.01,0.5
