iteration,fitness,ialpha,ibeta,ievapor,falpha,fbeta,fevapor
1,744.5517982654359,0.38911075599999995,6.086399999999999,0.896797356598,1.3787812080000001,2.47555246848,0.5
2,648.5406524987366,0.38074487474599994,6.086399999999999,0.8559751409256591,1.2649214558433601,0.01,0.5
